<?xml version="1.0"?>
<Employees>
  <EmployeeCode>1</EmployeeCode>
  <EmployeeCode>2</EmployeeCode>
  <EmployeeCode>4</EmployeeCode>
  <EmployeeCode>5</EmployeeCode>
  <EmployeeCode>6</EmployeeCode>
  <EmployeeCode>7</EmployeeCode>
  <EmployeeCode>8</EmployeeCode>
  <EmployeeCode>9</EmployeeCode>
  <EmployeeCode>10</EmployeeCode>
  <EmployeeCode>11</EmployeeCode>
  <EmployeeCode>12</EmployeeCode>
  <EmployeeCode>13</EmployeeCode>
  <EmployeeCode>14</EmployeeCode>
  <EmployeeCode>15</EmployeeCode>
  <EmployeeCode>16</EmployeeCode>
  <EmployeeCode>17</EmployeeCode>
  <EmployeeCode>18</EmployeeCode>
  <EmployeeCode>19</EmployeeCode>
  <EmployeeCode>20</EmployeeCode>
  <EmployeeCode>21</EmployeeCode>
  <EmployeeCode>22</EmployeeCode>
  <EmployeeCode>23</EmployeeCode>
  <EmployeeCode>24</EmployeeCode>
  <EmployeeCode>25</EmployeeCode>
  <EmployeeCode>26</EmployeeCode>
  <EmployeeCode>27</EmployeeCode>
  <EmployeeCode>28</EmployeeCode>
  <EmployeeCode>29</EmployeeCode>
  <EmployeeCode>30</EmployeeCode>
  <EmployeeCode>31</EmployeeCode>
  <EmployeeCode>32</EmployeeCode>
  <EmployeeCode>33</EmployeeCode>
  <EmployeeCode>34</EmployeeCode>
  <EmployeeCode>35</EmployeeCode>
  <EmployeeCode>36</EmployeeCode>
  <EmployeeCode>37</EmployeeCode>
  <EmployeeCode>38</EmployeeCode>
  <EmployeeCode>39</EmployeeCode>
  <EmployeeCode>40</EmployeeCode>
  <EmployeeCode>41</EmployeeCode>
  <EmployeeCode>42</EmployeeCode>
  <EmployeeCode>43</EmployeeCode>
  <EmployeeCode>44</EmployeeCode>
  <EmployeeCode>45</EmployeeCode>
  <EmployeeCode>46</EmployeeCode>
  <EmployeeCode>47</EmployeeCode>
</Employees>