<?xml version="1.0" standalone="yes"?>
<NewDataSet>
  <SalesDetail>
    <Location_ID>1</Location_ID>
    <Sales_ID>5</Sales_ID>
    <Detail_ID>14</Detail_ID>
    <Item_ID>1</Item_ID>
    <Qty>24.00</Qty>
    <Price>27.0000</Price>
    <Sub_Total>648.0000</Sub_Total>
    <Dis_Per>0.00</Dis_Per>
    <Dis_Rs>0.00</Dis_Rs>
    <Total>648.0000</Total>
    <Size1>1</Size1>
    <Size2>24</Size2>
    <Store_ID>2</Store_ID>
    <Cost_Price>10.42</Cost_Price>
    <Store_Name>GODAM</Store_Name>
    <QtyPK>1.00</QtyPK>
    <QtyPcs>0.00</QtyPcs>
    <SquareMeter>0.00</SquareMeter>
    <AvgCost>0.69</AvgCost>
    <EmpCommissionRate>0.00</EmpCommissionRate>
    <EmpTotalCommission>0.00</EmpTotalCommission>
    <OBCommissionRate>0.00</OBCommissionRate>
    <OBTotalCommission>0.00</OBTotalCommission>
    <Dis2_Per>0.00</Dis2_Per>
    <Dis2_Rs>0.00</Dis2_Rs>
    <SchemQty>0.00</SchemQty>
    <Status>Unsubmitted</Status>
  </SalesDetail>
  <SalesDetail>
    <Location_ID>1</Location_ID>
    <Sales_ID>5</Sales_ID>
    <Detail_ID>15</Detail_ID>
    <Item_ID>7</Item_ID>
    <Qty>60.00</Qty>
    <Price>36.0000</Price>
    <Sub_Total>2160.0000</Sub_Total>
    <Dis_Per>0.00</Dis_Per>
    <Dis_Rs>0.00</Dis_Rs>
    <Total>2160.0000</Total>
    <Size1>1</Size1>
    <Size2>60</Size2>
    <Store_ID>2</Store_ID>
    <Cost_Price>0.00</Cost_Price>
    <Store_Name>GODAM</Store_Name>
    <QtyPK>1.00</QtyPK>
    <QtyPcs>0.00</QtyPcs>
    <SquareMeter>0.00</SquareMeter>
    <AvgCost>0.00</AvgCost>
    <EmpCommissionRate>0.00</EmpCommissionRate>
    <EmpTotalCommission>0.00</EmpTotalCommission>
    <OBCommissionRate>0.00</OBCommissionRate>
    <OBTotalCommission>0.00</OBTotalCommission>
    <Dis2_Per>0.00</Dis2_Per>
    <Dis2_Rs>0.00</Dis2_Rs>
    <SchemQty>0.00</SchemQty>
    <Status>Unsubmitted</Status>
  </SalesDetail>
  <SalesDetail>
    <Location_ID>1</Location_ID>
    <Sales_ID>5</Sales_ID>
    <Detail_ID>16</Detail_ID>
    <Item_ID>9</Item_ID>
    <Qty>72.00</Qty>
    <Price>32.0000</Price>
    <Sub_Total>2304.0000</Sub_Total>
    <Dis_Per>0.00</Dis_Per>
    <Dis_Rs>0.00</Dis_Rs>
    <Total>2304.0000</Total>
    <Size1>1</Size1>
    <Size2>72</Size2>
    <Store_ID>2</Store_ID>
    <Cost_Price>0.00</Cost_Price>
    <Store_Name>GODAM</Store_Name>
    <QtyPK>1.00</QtyPK>
    <QtyPcs>0.00</QtyPcs>
    <SquareMeter>0.00</SquareMeter>
    <AvgCost>0.00</AvgCost>
    <EmpCommissionRate>0.00</EmpCommissionRate>
    <EmpTotalCommission>0.00</EmpTotalCommission>
    <OBCommissionRate>0.00</OBCommissionRate>
    <OBTotalCommission>0.00</OBTotalCommission>
    <Dis2_Per>0.00</Dis2_Per>
    <Dis2_Rs>0.00</Dis2_Rs>
    <SchemQty>0.00</SchemQty>
    <Status>Unsubmitted</Status>
  </SalesDetail>
</NewDataSet>