<?xml version="1.0" standalone="yes"?>
<NewDataSet>
  <Sales>
    <Location_ID>1</Location_ID>
    <Sales_ID>16</Sales_ID>
    <Invoice_No>16</Invoice_No>
    <Dated>2016-07-31T00:00:00+05:00</Dated>
    <Customer_ID>12010003</Customer_ID>
    <Salesman_ID>3102001</Salesman_ID>
    <Is_Regular_Customer>true</Is_Regular_Customer>
    <Total_Amount>648.00</Total_Amount>
    <Item_Dis>0.00</Item_Dis>
    <Gross_Total>648.00</Gross_Total>
    <InvDis_Per>0.00</InvDis_Per>
    <InvTax_Per>0.00</InvTax_Per>
    <InvDis_Rs>0.00</InvDis_Rs>
    <InvTax_Rs>0.00</InvTax_Rs>
    <Misc>0.00</Misc>
    <Net_Total>648.00</Net_Total>
    <Remarks>-</Remarks>
    <Inv_Time>2016-07-31T04:12:16+05:00</Inv_Time>
    <User_ID>q</User_ID>
    <Computer>WS-PC</Computer>
    <Payment>0.00</Payment>
    <Balance>-6798554.24</Balance>
    <Tmp_Paid>0.00</Tmp_Paid>
    <Payment_Mode>Credit</Payment_Mode>
    <Bank_ID>-1</Bank_ID>
    <PreBalance>-6799202.24</PreBalance>
    <InvBalance>648.00</InvBalance>
    <OrderBroker_ID>3104001</OrderBroker_ID>
    <InvDis2_Per>0.00</InvDis2_Per>
    <InvDis2_Rs>0.00</InvDis2_Rs>
    <Freight>0.00</Freight>
    <EmpCommissionRate>0.00</EmpCommissionRate>
    <EmpTotalCommission>0.00</EmpTotalCommission>
    <OBCommissionRate>0.00</OBCommissionRate>
    <OBTotalCommission>0.00</OBTotalCommission>
    <Token_No>0</Token_No>
    <Status>Unsubmitted</Status>
  </Sales>
  <Sales>
    <Location_ID>1</Location_ID>
    <Sales_ID>17</Sales_ID>
    <Invoice_No>17</Invoice_No>
    <Dated>2016-07-31T00:00:00+05:00</Dated>
    <Customer_ID>12010003</Customer_ID>
    <Salesman_ID>3102001</Salesman_ID>
    <Is_Regular_Customer>true</Is_Regular_Customer>
    <Total_Amount>0.00</Total_Amount>
    <Item_Dis>0.00</Item_Dis>
    <Gross_Total>0.00</Gross_Total>
    <InvDis_Per>0.00</InvDis_Per>
    <InvTax_Per>0.00</InvTax_Per>
    <InvDis_Rs>0.00</InvDis_Rs>
    <InvTax_Rs>0.00</InvTax_Rs>
    <Misc>0.00</Misc>
    <Net_Total>0.00</Net_Total>
    <Remarks>-</Remarks>
    <Inv_Time>2016-07-31T04:12:18+05:00</Inv_Time>
    <User_ID>q</User_ID>
    <Computer>WS-PC</Computer>
    <Payment>0.00</Payment>
    <Balance>-6798554.24</Balance>
    <Tmp_Paid>0.00</Tmp_Paid>
    <Payment_Mode>Credit</Payment_Mode>
    <Bank_ID>-1</Bank_ID>
    <PreBalance>-6798554.24</PreBalance>
    <InvBalance>0.00</InvBalance>
    <OrderBroker_ID>3104001</OrderBroker_ID>
    <InvDis2_Per>0.00</InvDis2_Per>
    <InvDis2_Rs>0.00</InvDis2_Rs>
    <Freight>0.00</Freight>
    <EmpCommissionRate>0.00</EmpCommissionRate>
    <EmpTotalCommission>0.00</EmpTotalCommission>
    <OBCommissionRate>0.00</OBCommissionRate>
    <OBTotalCommission>0.00</OBTotalCommission>
    <Token_No>0</Token_No>
    <Status>Unsubmitted</Status>
  </Sales>
</NewDataSet>